,Weekly drop (revenue),Title,Screens (week),Days since premiere
21,-0.37758804446587313,Passageiros,69,21
22,-0.6166041172302839,Cantar!,95,35
24,-0.5814120963150025,Rogue One: Uma História de Star Wars,75,28
25,-0.30860261445382786,Porquê Ele?,41,21
26,-0.30388502988034605,Beleza Colateral,48,21
27,-0.7035154542833183,Vaiana,61,49
28,-0.4437806914175032,A Encarnação do Mal,33,14
29,-0.4341867947632133,A Luz Entre Oceanos,38,14
30,-0.454258673822694,Bleed for This - A Força de Um Campeão ,36,14
32,-0.6362860089299873,Festa de Natal da Empresa,14,35
33,-0.6312086666869928,O Herói da Quinta,35,21
34,-0.23093917865188018,Na Via Láctea,8,14
37,-0.6752675269226586,Aliados,12,42
38,-0.4211338714345435,Lion - A Longa Estrada Para Casa,9,35
39,-0.7501225247856664,Monstros Fantásticos e Onde Encontrá-los,14,56
40,-0.43944075776525715,Assassin's Creed,76,14
42,-0.3190848873796285,Passageiros,67,28
43,-0.27385011847050666,Cantar!,84,42
44,-0.15110334933184522,Manchester by the Sea,45,14
47,-0.2697359723957137,Beleza Colateral,34,28
48,-0.3451727515722033,Porquê Ele?,32,28
49,-0.5822066302810269,Rogue One: Uma História de Star Wars,51,35
52,-0.5751193926460101,Vaiana,38,56
53,0.4375901338814512,Lion - A Longa Estrada Para Casa,8,42
54,-0.22555272348335487,Na Via Láctea,8,21
55,-0.22517164628178266,Zeus,13,14
56,-0.6498966671640909,A Luz Entre Oceanos,15,21
57,-0.5416405134392304,Ovelhas e Lobos,28,14
59,-0.2744050204912669,Aliados,6,49
62,-0.5408123964096725,Assassin's Creed,75,21
63,0.07621894749145897,Ozzy,65,14
64,-0.2859152682936069,Cantar!,71,49
65,-0.4337771427955447,Nos Limites da Lei,46,14
66,-0.3405320259526451,Manchester by the Sea,41,21
67,-0.38467540682540713,Passageiros,54,35
68,-0.5848247631973581,Viver na Noite,62,14
69,-0.35582597616725,Beleza Colateral,31,35
70,-0.40879874399086,Porquê Ele?,23,35
71,-0.36458651399491093,O Nome do Medo,18,14
72,-0.5783149829706337,Rogue One: Uma História de Star Wars,25,42
73,-0.4776777934706301,Miss Sloane - Uma Mulher de Armas,35,14
74,0.08408435562789474,Lion - A Longa Estrada Para Casa,11,49
75,-0.4722466082646892,Vaiana,30,63
76,-0.2748081194741817,Homenzinhos,4,14
77,-0.434400914264102,Na Via Láctea,6,28
78,-0.4497063290144313,Zeus,12,21
81,-0.20610967480088715,Silêncio,86,14
82,-0.4141166811202902,xXx: O Regresso de Xander Cage,81,14
84,-0.004962802519654197,Ozzy,64,21
85,-0.3823523318995681,Assassin's Creed,72,28
86,-0.24949287429906875,Manchester by the Sea,35,28
87,-0.3433154140440462,Cantar!,52,56
88,-0.3046998591027146,Nos Limites da Lei,40,21
90,-0.5443535568687086,Passageiros,35,42
91,-0.3503343493457244,Beleza Colateral,22,42
92,-0.34212705285165024,Porquê Ele?,17,42
93,0.05221786554502028,Lion - A Longa Estrada Para Casa,6,56
94,-0.4212068332868314,O Nome do Medo,15,21
95,-0.32185790918425083,Rogue One: Uma História de Star Wars,16,49
96,-0.7242562147312206,Viver na Noite,33,21
97,-0.46210355570595396,Miss Sloane - Uma Mulher de Armas,21,21
99,-0.3221528598225978,Vaiana,22,70
100,-0.2745256301297224,La La Land: Melodia de Amor,91,14
102,-0.4261882887363613,Silêncio,85,21
103,-0.37265366962599056,xXx: O Regresso de Xander Cage,71,21
105,-0.4317173789986193,Resident Evil: Capítulo Final,69,14
107,-0.10509701030585372,Ozzy,65,28
109,-0.2230806992572455,Cantar!,49,63
110,-0.17403172257113775,Aqui Há Gato!,32,14
111,-0.43357224184322485,Manchester by the Sea,30,35
113,-0.6865027262967982,Assassin's Creed,31,35
114,-0.6117605460715533,Nos Limites da Lei,18,28
115,-0.12350858364736905,Lion - A Longa Estrada Para Casa,8,63
116,-0.4767646460443812,Beleza Colateral,12,49
117,-0.5796882715386762,Porquê Ele?,12,49
118,-0.7694817912528316,Passageiros,9,49
119,-0.23400245403654196,Vaiana,22,77
120,37.7967591354633,As Cinquenta Sombras Mais Negras,118,7
121,-0.3069373731827021,La La Land: Melodia de Amor,80,21
123,-0.24112951124630044,Fragmentado,46,14
124,-0.2123285619795624,Elementos Secretos,41,14
125,-0.2962562058922159,xXx: O Regresso de Xander Cage,57,28
126,-0.3387526936691534,Silêncio,68,28
128,-0.1541004507935454,Ozzy,74,35
129,-0.213058172883689,Moonlight,18,14
130,-0.6125553576971914,Resident Evil: Capítulo Final,44,21
131,-0.5607105037720858,Patriots Day - Unidos Por Boston,44,14
132,-0.31565554428004816,Cantar!,49,70
133,-0.36042290718489545,Aqui Há Gato!,27,21
135,-0.4182806427839004,Manchester by the Sea,18,42
136,0.05818402756842245,Lion - A Longa Estrada Para Casa,5,70
137,-0.7589875131279239,Assassin's Creed,6,42
138,-0.5760782562243298,Beleza Colateral,4,56
139,-0.3206829394962347,Vaiana,18,84
140,-0.4644732975543536,As Cinquenta Sombras Mais Negras,92,14
143,-0.41404932795546723,La La Land: Melodia de Amor,66,28
144,-0.4765115310760457,Fragmentado,37,21
145,-0.5155981169831247,Rings,24,14
146,-0.38639822012469127,Elementos Secretos,40,21
147,-0.440107313620302,Jackie,33,14
149,-0.5736546860201117,Silêncio,36,35
150,-0.39574255656814306,Moonlight,21,21
151,-0.6454729749262188,xXx: O Regresso de Xander Cage,29,35
152,-0.6065660097304257,Ozzy,51,42
154,-0.15781007565065697,Lion - A Longa Estrada Para Casa,6,77
155,-0.5997293786916982,Cantar!,26,77
156,-0.377255039574805,Manchester by the Sea,11,49
157,-0.8206926235616382,Resident Evil: Capítulo Final,18,28
159,-0.6842047366176178,Aqui Há Gato!,15,28
160,-0.3457641826352954,As Cinquenta Sombras Mais Negras,87,21
161,-0.03163854340246697,A Grande Muralha,70,14
162,0.5881244173963402,Lego Batman: O Filme,98,14
164,0.24810869699911176,La La Land: Melodia de Amor,65,35
167,0.018554862647216952,Rings,29,21
168,0.47421315960102417,Moonlight,19,28
169,-0.09595488735709445,Elementos Secretos,25,28
170,-0.34780856902026325,Fragmentado,31,28
171,0.4533471156357587,Ozzy,38,49
172,-0.3761935552796366,Jackie,23,21
173,-0.2837545080202698,Mulheres do Século XX,22,14
174,-0.22909651448676693,Silêncio,19,42
175,-0.21545762024367632,xXx: O Regresso de Xander Cage,20,42
176,1.3484163029286678,Cantar!,28,84
177,0.540948257168482,Lion - A Longa Estrada Para Casa,5,84
178,0.6523706535678369,Manchester by the Sea,9,56
179,1.4288251725271115,Aqui Há Gato!,14,35
181,-0.5087749412897298,As Cinquenta Sombras Mais Negras,79,28
182,-0.6639966481560857,A Grande Muralha,76,21
183,-0.6056283947176895,John Wick 2,57,14
184,-0.7405605148591994,Lego Batman: O Filme,72,21
187,0.17968740957637652,Moonlight,29,35
188,-0.5080751456443044,Vedações,24,14
189,-0.6325797710999391,La La Land: Melodia de Amor,54,42
190,-0.591665353107282,T2 Trainspotting,41,14
192,-0.6396915163773811,Elementos Secretos,18,35
194,-0.7845622420937801,Rings,17,28
195,-0.44258309645098703,Lion - A Longa Estrada Para Casa,8,91
196,-0.4493466838432818,Manchester by the Sea,8,63
197,-0.7150342559605374,Silêncio,10,49
198,-0.7846694147049991,Jackie,7,28
199,-0.8245507050462926,Ozzy,27,56
201,-0.44982442106360343,Logan,83,14
202,-0.5456917307712787,As Cinquenta Sombras Mais Negras,59,35
204,-0.24659717558618022,Moonlight,31,42
205,-0.3828546508753432,Rock Dog - Um Sonho Altamente!,54,14
206,-0.5364571599432792,John Wick 2,42,21
207,-0.6159562697156733,A Grande Muralha,55,28
208,-0.5136048282641923,Lego Batman: O Filme,66,28
209,-0.5996204935983083,Ouro,39,14
210,-0.514209627054734,Vedações,32,21
213,-0.5923774042679877,La La Land: Melodia de Amor,39,49
216,-0.6783880724488756,O Espaço Que Nos Une,27,14
217,-0.7235668431533337,T2 Trainspotting,21,21
218,-0.5007191485758966,Elementos Secretos,11,42
219,-0.6354341344676002,Um Instante de Amor,16,14
221,-0.43138767787936727,Kong: A Ilha da Caveira,79,14
222,-0.4465684276198101,Logan,74,21
223,-0.2987513436252529,São Jorge,25,14
225,-0.4872602483169248,As Cinquenta Sombras Mais Negras,47,42
227,-0.5133112350828062,Moonlight,30,49
229,-0.5614974754109657,Rock Dog - Um Sonho Altamente!,50,21
230,-0.5002548623451848,Lego Batman: O Filme,52,35
231,-0.6236004043611322,John Wick 2,20,28
232,-0.48380063162838705,Um Reino Unido,23,14
234,-0.5317804524263461,A Autópsia de Jane Doe,14,14
235,-0.7751565354838019,A Grande Muralha,25,35
236,-0.31093100030930243,Neruda,12,14
237,-0.7258924671272126,La La Land: Melodia de Amor,15,56
238,-0.7820429851924081,Vedações,10,28
240,-0.13656667580913784,A Bela e o Monstro,133,14
242,-0.2557240211453843,Kong: A Ilha da Caveira,69,21
243,-0.2982067356883791,Logan,64,28
246,-0.18244059388109324,São Jorge,28,21
247,-0.33116058599927223,Collide - A Alta Velocidade,27,14
248,-0.14261836033469433,Malapata,27,14
250,0.3160999947113823,Aquarius,14,14
251,-0.2870873646047909,Moonlight,15,56
252,-0.12999713941980928,Lego Batman: O Filme,46,42
254,-0.21174568498017354,Rock Dog - Um Sonho Altamente!,34,28
255,-0.38925244950310256,O Fundador,26,14
256,-0.665400537850759,As Cinquenta Sombras Mais Negras,12,49
259,0.10630161947525085,Vedações,10,35
260,-0.3963586529208014,A Bela e o Monstro,138,21
263,-0.47531472670005936,Kong: A Ilha da Caveira,53,28
264,-0.5408115931446739,Vida Inteligente,54,14
266,-0.35462115668898697,Patrulha de Doidos,32,14
267,-0.6164153055083132,Logan,32,35
268,-0.44297145739339705,Power Rangers,64,14
270,-0.5333355636674798,São Jorge,20,28
271,-0.3954626431794718,Médico de Província,9,14
272,-0.6243448327539052,Malapata,19,21
273,-0.5546458196885999,Aquarius,7,21
274,-0.7606311825607059,Collide - A Alta Velocidade,14,21
275,-0.5978688136130623,Moonlight,9,63
276,-0.5972843582720913,Lego Batman: O Filme,23,49
278,-0.7373883708639443,Eusébio - História de uma Lenda,24,14
279,-0.7409193313242403,Rock Dog - Um Sonho Altamente!,21,35
280,-0.15919799708245297,A Bela e o Monstro,140,28
281,0.2133381564260841,Smurfs: A Aldeia Perdida,98,14
283,-0.36951633055382294,Ghost in the Shell - Agente do Futuro,95,14
285,-0.2870730871413628,Kong: A Ilha da Caveira,43,35
287,-0.504434815967856,Vida Inteligente,36,21
289,-0.4279299371086258,Patrulha de Doidos,24,21
290,-0.47087124133999136,100 Metros,37,14
291,-0.3216746022751482,Power Rangers,35,21
292,-0.38275862900768187,Logan,25,42
294,-0.4121079787556291,São Jorge,18,35
295,-0.5888401261540386,Negação,14,14
297,-0.5006272101743034,Malapata,16,28
298,-0.18376576281835066,Lego Batman: O Filme,22,56
299,-0.5751319900872751,Médico de Província,18,21
302,-0.4232532817381456,A Bela e o Monstro,109,35
303,-0.6127078516917928,Smurfs: A Aldeia Perdida,69,21
304,-0.3111769256544773,Ladrões Com Muito Estilo,53,14
305,-0.5460163999513783,Ghost in the Shell - Agente do Futuro,64,21
307,-0.4314209032185,Juntos Para Sempre,41,14
308,-0.40200279755109725,The Last Face - A Última Fronteira,22,14
309,-0.2781426864899683,Dois é Uma Família,18,14
310,0.2086628336944516,"Paula Rego, Histórias & Segredos",5,14
311,-0.5786609359761208,Logan,13,49
312,-0.5924324833755594,100 Metros,25,21
313,-0.835081236550266,Kong: A Ilha da Caveira,16,42
314,-0.6755118225977923,Power Rangers,11,28
315,-0.7897768368678527,Vida Inteligente,14,28
316,-0.4792657279301452,São Jorge,10,42
318,-0.4930330063594104,Aquarius,4,35
319,-0.5578094805647367,Negação,5,21
320,-0.46784962200648283,Velocidade Furiosa 8,167,14
321,-0.42521176216112433,The Boss Baby,103,14
322,-0.5343070888717374,A Bela e o Monstro,85,42
323,-0.2488516073244823,Ladrões Com Muito Estilo,54,21
325,0.19963939751253879,Jacinta,30,14
326,-0.5841963333233289,Smurfs: A Aldeia Perdida,63,28
330,-0.5513916293013834,Ghost in the Shell - Agente do Futuro,53,28
331,-0.6396834223029241,Juntos Para Sempre,34,21
332,-0.2611070981219824,"Paula Rego, Histórias & Segredos",5,21
334,-0.46986090660496427,Dois é Uma Família,9,21
335,-0.6385491349755362,The Last Face - A Última Fronteira,9,21
337,0.2433904363660888,Se Deus Quiser,2,14
338,-0.5475265146947732,Logan,9,56
340,-0.4483799208521325,Velocidade Furiosa 8,137,21
342,-0.3229166054678556,The Boss Baby,81,21
345,-0.19944294728401502,Ladrões Com Muito Estilo,36,28
346,-0.09813155826670783,Jacinta,31,21
347,-0.4218338396368574,A Bela e o Monstro,60,49
349,-0.30795443816960166,O Jardim da Esperança,41,14
350,-0.2633662410561458,A Cabana,26,14
351,2.2202054791547106,O Jovem Karl Max,18,14
352,-0.3793964565941429,Kickboxer: A Vingança,30,14
353,-0.6252957979910176,Smurfs: A Aldeia Perdida,31,35
354,-0.544301676647341,Ghost in the Shell - Agente do Futuro,22,35
355,-0.27002221806931204,"Paula Rego, Histórias & Segredos",5,28
356,-0.1607025505585934,Dois é Uma Família,3,28
357,-0.6442233790038477,Juntos Para Sempre,8,28
358,-0.011014604776046433,Se Deus Quiser,2,21
359,-0.19482021201845245,Ma Loute,2,14
360,-0.6072692092460164,Velocidade Furiosa 8,108,28
361,-0.576659563266742,Guardiões da Galáxia Vol.2,88,14
362,-0.5483600009901151,The Boss Baby,83,28
363,-0.5231889612098306,Bailarina,75,14
366,-0.5897916374357438,O Círculo,39,14
367,-0.5770337404616542,Ladrões Com Muito Estilo,33,35
368,-0.4120820916447978,Fátima,31,14
369,-0.6107312992705574,Jacinta,40,28
371,-0.6207691898276289,O Jardim da Esperança,33,21
372,-0.5672659160680553,O Jovem Karl Max,12,21
373,-0.6161657049307954,A Cabana,19,21
374,-0.7412371767673309,A Bela e o Monstro,39,56
378,-0.43881900175066657,Dois é Uma Família,3,35
379,-0.8197438827886164,Kickboxer: A Vingança,16,21
381,-0.2960502491482899,Velocidade Furiosa 8,75,35
382,0.060608412762807706,The Boss Baby,75,35
383,-0.3627081478121158,Guardiões da Galáxia Vol.2,76,21
384,0.060087002181455906,Bailarina,74,21
385,-0.21624606016602443,Foge,35,14
386,-0.2812119658504818,O Círculo,44,21
387,-0.47054423690383784,A Cidade Perdida de Z ,32,14
389,-0.31112300087810885,Ladrões Com Muito Estilo,25,42
391,-0.1827552470078052,"Amigos Amigos, Telemóveis à Parte",28,14
392,-0.4066637649231388,Fátima,25,21
395,-0.3413068328384933,A Cabana,11,28
396,-0.35653487240420434,O Jovem Karl Max,6,28
397,-0.553285675995973,O Jardim da Esperança,15,28
398,-0.6932421697420867,Jacinta,25,35
399,-0.5014309409426412,A Bela e o Monstro,25,63
400,12.301911919300366,Alien: Covenant,78,7
401,-0.30802462195888236,Rei Artur: A Lenda da Espada,75,14
402,-0.29943504046457037,Velocidade Furiosa 8,59,42
404,-0.3418294026339247,Guardiões da Galáxia Vol.2,65,28
405,-0.41505834422018417,The Boss Baby,64,42
408,-0.5955696872853088,Bailarina,62,28
409,-0.35686009322888557,Foge,27,21
410,-0.3321060004501648,O Círculo,23,28
411,-0.2843875795336661,Ladrões Com Muito Estilo,11,49
413,-0.5796365033939052,A Cidade Perdida de Z ,17,21
414,-0.3959897795805354,"Amigos Amigos, Telemóveis à Parte",14,21
415,-0.5238525903047415,Música a Música,18,14
416,-0.27991910357391736,A Cabana,8,35
418,-0.6451060397818769,Fátima,11,28
419,-0.377279637465746,O Jovem Karl Max,6,35
421,-0.6431853311697879,Alien: Covenant,69,14
422,-0.6138386418345354,Rei Artur: A Lenda da Espada,73,21
423,-0.5625560568763175,Velocidade Furiosa 8,56,49
424,-0.3898413060056196,The Boss Baby,47,49
425,-0.533980692892518,Perdidos,34,14
426,-0.16946383971784917,Amarelinho,54,14
427,-0.2307873645094135,Bailarina,60,35
428,-0.5660505315478849,Conspiração Terrorista,36,14
429,-0.6701912979769691,Guardiões da Galáxia Vol.2,48,35
431,-0.5698981527147606,O Círculo,12,35
432,-0.407373537019055,Ladrões Com Muito Estilo,9,56
433,-0.2660997676292912,"Amigos Amigos, Telemóveis à Parte",9,28
434,-0.3867440656659026,Heróis da Nação,15,14
435,-0.07687406296851573,I Am Not Your Negro - Não Sou o Teu Negro,4,14
436,-0.8304876338844598,Foge,9,28
439,-0.6478737021760774,"Paula Rego, Histórias & Segredos",6,56
440,-0.45930092965537306,Piratas das Caraíbas: Homens Mortos Não Contam Histórias,119,14
443,-0.46475079770276684,Alien: Covenant,68,21
444,-0.3874050859361525,Rei Artur: A Lenda da Espada,61,28
445,-0.4716237884109168,Velocidade Furiosa 8,41,56
446,-0.35434763271582803,Perdidos,32,21
447,-0.4311578046773322,The Boss Baby,42,56
448,-0.41647852772219984,Amarelinho,78,21
449,-0.305408551509344,Bailarina,58,42
451,-0.5974427052970255,Guardiões da Galáxia Vol.2,20,42
452,-0.4114156816605762,O Sentido do Fim,11,14
453,-0.6731657136289186,Conspiração Terrorista,24,21
454,-0.21335263529250437,"Amigos Amigos, Telemóveis à Parte",6,35
455,-0.39409695357509267,O Círculo,9,42
456,-0.7255088978690294,Cantar!,37,138
458,-0.5489075138627462,Ladrões Com Muito Estilo,4,63
461,-0.4228247679314304,Piratas das Caraíbas: Homens Mortos Não Contam Histórias,103,21
462,-0.4278503283276818,Mulher-Maravilha,90,14
463,-0.3813863709475952,Capitão Cuecas - O Filme,88,14
464,-0.551228130909301,Alien: Covenant,52,28
466,-0.559668600909617,Rei Artur: A Lenda da Espada,33,35
467,-0.39864169935653215,Perdidos,26,28
468,-0.39071920209037025,The Boss Baby,40,63
471,-0.578798213408895,Velocidade Furiosa 8,24,63
472,-0.49167002128614656,Escritos Secretos,11,14
473,-0.6338673163358917,Bailarina,34,49
474,0.0029649644949367726,"Amigos Amigos, Telemóveis à Parte",7,42
475,-0.4382519520692264,O Sentido do Fim,7,21
476,-0.7813351392412959,Amarelinho,33,28
477,-0.20380200709447094,O Ilustre Cidadão,5,14
478,-0.43880489932816547,O Círculo,3,49
479,-0.1481032465427069,Ladrões Com Muito Estilo,4,70
480,-0.38129688029446296,A Múmia,89,14
481,-0.2808675642437727,Piratas das Caraíbas: Homens Mortos Não Contam Histórias,91,28
482,-0.0679990770566552,Capitão Cuecas - O Filme,79,21
483,-0.30059456982135435,Mulher-Maravilha,90,21
489,-0.46749567661723146,A Missão,28,14
490,-0.5598753830519381,Alien: Covenant,33,35
491,-0.29054755510461305,The Boss Baby,26,70
492,-0.5483649583041647,Rei Artur: A Lenda da Espada,17,42
493,-0.5107571267480868,A Odisseia,12,14
494,-0.6092371993433012,Perdidos,11,35
495,-0.4444331723435786,Velocidade Furiosa 8,16,70
496,-0.17569692858023933,"Amigos Amigos, Telemóveis à Parte",7,49
497,-0.26182589563511105,Bailarina,28,56
498,-0.6656304802417314,Borboleta Negra,18,14
499,-0.6317525030793545,Escritos Secretos,5,21
501,-0.3098811388140382,A Múmia,87,21
502,-0.10664623070952539,Piratas das Caraíbas: Homens Mortos Não Contam Histórias,75,35
503,0.12202075693786285,Capitão Cuecas - O Filme,84,28
504,-0.27087944719530244,Mulher-Maravilha,72,28
507,-0.19857159844228423,Churchill,29,14
509,-0.061614962253078276,Amor Acima de Tudo,26,14
510,0.19093306905350893,O Rei Macaco,29,14
511,-0.10864685349482683,The Boss Baby,21,77
513,-0.4279794984584575,The Hunter's Prayer - Assassino Contratado,19,14
514,0.06535095252103917,"Amigos Amigos, Telemóveis à Parte",7,56
515,0.026177153042824752,Bailarina,26,63
517,-0.6644260065539729,A Missão,16,21
518,-0.3946868372142124,A Odisseia,7,21
521,-0.4083458333301311,Transformers: O Último Cavaleiro,110,14
522,-0.1971883760656904,A Múmia,69,28
523,-0.2017509857384483,Piratas das Caraíbas: Homens Mortos Não Contam Histórias,64,42
525,-0.6406261531214206,Capitão Cuecas - O Filme,62,35
526,-0.49629338588246386,Mulher-Maravilha,44,35
527,-0.4252897923991241,Girls Night,31,21
529,-0.4270141833308486,All Eyez on Me,22,14
531,-0.43711970306439196,Churchill,19,21
532,-0.5164980689666341,Amor Acima de Tudo,16,21
533,-0.5672533934681883,O Muro,28,14
537,-0.25655943636253364,"Amigos Amigos, Telemóveis à Parte",4,63
538,-0.4912802694463304,In Memoriam,6,14
539,-0.6443667941693374,The Boss Baby,17,84
540,-0.08231596615126158,Gru - O Maldisposto 3,125,14
542,-0.1847111215357733,A Múmia,56,35
543,-0.2046728017412971,Piratas das Caraíbas: Homens Mortos Não Contam Histórias,53,49
544,-0.472462132276285,Transformers: O Último Cavaleiro,89,21
545,-0.15045022655014917,Overdrive - Os Profissionais,48,14
546,-0.303405830415974,Capitão Cuecas - O Filme,42,42
548,-0.46867007685251005,Mulher-Maravilha,37,42
549,-0.4509358100969787,Girls Night,19,28
550,-0.3200610929423845,Paris Pode Esperar,15,14
553,-0.1548621527244668,Paterson,9,14
554,-0.4733309985390708,Churchill,10,28
555,-0.4336250879986281,Amor Acima de Tudo,8,28
556,-0.6908700942056774,All Eyez on Me,10,21
558,-0.3636773296764362,USS Indianapolis: Homens de Coragem,13,14
559,-0.3900776166865415,Blackway,8,14
560,-0.3823427695297459,Gru - O Maldisposto 3,124,21
562,-0.510811250483488,Homem-Aranha: Regresso a Casa,84,14
563,-0.32509588257928035,Piratas das Caraíbas: Homens Mortos Não Contam Histórias,46,56
564,-0.3945159775551659,A Múmia,45,42
565,-0.3593485729109448,Overdrive - Os Profissionais,43,21
566,-0.6413143843096403,Transformers: O Último Cavaleiro,53,28
567,-0.20604749975328707,Capitão Cuecas - O Filme,37,49
568,-0.26874725858975435,Adeus Índia,16,14
570,-0.23466992118355112,Paterson,12,21
572,-0.5759559720305483,Mulher-Maravilha,24,49
573,-0.5579157099046717,Girls Night,11,35
574,-0.5501508678454529,Paris Pode Esperar,10,21
575,-0.5765727730043806,A Vida em Espera,9,14
579,-0.2523934040799336,Amor Acima de Tudo,6,35
583,-0.39145149530166146,Gru - O Maldisposto 3,93,28
584,-0.468920353141023,Planeta dos Macacos: A Guerra,82,14
585,-0.4758847780132689,Homem-Aranha: Regresso a Casa,73,21
586,-0.4372302134921745,Piratas das Caraíbas: Homens Mortos Não Contam Histórias,28,63
587,-0.5868140465862255,A Múmia,23,49
588,-0.6503715420949647,Overdrive - Os Profissionais,23,28
589,-0.4195362847000955,Capitão Cuecas - O Filme,28,56
591,-0.48295007184101024,Transformers: O Último Cavaleiro,23,35
592,-0.3234755591424039,Adeus Índia,11,21
594,-0.3634044541016933,Paterson,8,28
595,-0.4102900626858941,Manhattan Nocturne,11,14
597,-0.5960003608328233,Mulher-Maravilha,10,56
598,-0.6191331270538374,Girls Night,3,42
599,-0.7291672017442721,O Portal do Guerreiro,19,14
600,-0.2769561624293453,Baywatch: Marés Vivas,78,14
601,-0.39956874748607407,Carros 3,116,14
602,41.866108934307746,Valerian e a Cidade dos Mil Planetas,95,7
603,-0.3182134004258358,Dunkirk,73,14
604,-0.21789128236191946,Gru - O Maldisposto 3,81,35
605,-0.43464234716838046,Planeta dos Macacos: A Guerra,69,21
607,-0.5195102729440672,Homem-Aranha: Regresso a Casa,61,28
609,-0.25884593352818863,Capitão Cuecas - O Filme,22,63
610,-0.25465252469002886,Lady Macbeth,9,14
611,-0.6782871367609773,Piratas das Caraíbas: Homens Mortos Não Contam Histórias,12,70
612,-0.3148842393987864,Adeus Índia,7,28
613,-0.6372871682208836,A Múmia,8,56
616,-0.10591576026225868,Paterson,6,35
618,-0.5241393964458889,Debaixo do Mesmo Teto,7,14
621,-0.3316917885883278,Baywatch: Marés Vivas,66,21
622,-0.3134778225483559,Carros 3,97,21
623,-0.16134094955530354,Gru - O Maldisposto 3,73,42
624,-0.39995834906828287,Dunkirk,71,21
625,-0.45606588752753396,Valerian e a Cidade dos Mil Planetas,80,14
628,-0.6124807537953981,Planeta dos Macacos: A Guerra,42,28
629,-0.46351021560031613,Homem-Aranha: Regresso a Casa,43,35
630,-0.5203012930504733,Olha Que Duas,45,14
632,-0.18119675417717096,Capitão Cuecas - O Filme,22,70
633,-0.31041278166718855,Lady Macbeth,9,21
635,-0.32855389956827363,Adeus Índia,8,35
636,-0.2134223935581494,Paterson,5,42
637,-0.6402872676999973,"Tal Pai, Tal Mãe 2",26,14
638,-0.639657535121056,A História do Amor,10,14
639,-0.5774877569481269,Pedras Sombrias,9,14
643,-0.29554697137399566,Baby Driver - Alta Velocidade,62,14
644,-0.29885378233038584,Baywatch: Marés Vivas,62,28
645,-0.47381194020707096,Carros 3,81,28
646,-0.16520270083990285,De Braços Abertos,34,14
647,-0.4863219177053756,Gru - O Maldisposto 3,59,49
648,-0.4568846938588116,Valerian e a Cidade dos Mil Planetas,60,21
649,-0.4799607199960154,Dunkirk,47,28
650,-0.4698505750862513,Assalto ao Shopping,26,14
651,-0.5053810418805551,Planeta dos Macacos: A Guerra,22,35
652,-0.478573938267134,2:22 - Hora Fatídica,22,14
653,-0.5442557705307867,Homem-Aranha: Regresso a Casa,22,42
654,-0.7719532871859666,Olha Que Duas,22,21
655,-0.10586067036568347,Adeus Índia,4,42
656,-0.40942377832802934,Lady Macbeth,4,28
658,-0.5903163117264603,Capitão Cuecas - O Filme,17,77
660,-0.32429086409342167,Emoji: O Filme,79,14
661,-0.3710365277379115,Annabelle 2: A Criação do Mal,67,14
663,-0.28840694820161716,Baby Driver - Alta Velocidade,50,21
664,-0.46237878394171184,Atomic Blonde - Agente Especial,78,14
665,-0.38049320346318005,Baywatch: Marés Vivas,54,35
666,-0.27645763126604894,De Braços Abertos,28,21
667,-0.37175462394384895,Gru - O Maldisposto 3,43,56
668,-0.5189666847668002,Carros 3,58,35
670,-0.452551407852817,Dunkirk,34,35
671,-0.5221708202779922,Valerian e a Cidade dos Mil Planetas,41,28
674,-0.472113640745111,Planeta dos Macacos: A Guerra,15,42
675,-0.559400285691801,Homem-Aranha: Regresso a Casa,15,49
676,-0.6930984663988555,Assalto ao Shopping,15,21
677,-0.7261586963477678,2:22 - Hora Fatídica,11,21
678,-0.02825158866001687,Capitão Cuecas - O Filme,13,84
681,-0.12013465074250473,Emoji: O Filme,74,21
682,-0.21189271098195794,Annabelle 2: A Criação do Mal,55,21
683,-0.3152662352259148,A Torre Negra,70,14
685,-0.20369088515413747,Baby Driver - Alta Velocidade,46,28
686,-0.3143169026578976,Baywatch: Marés Vivas,44,42
687,-0.21163443445476626,De Braços Abertos,23,28
688,-0.5589096475013886,Atomic Blonde - Agente Especial,61,21
689,-0.09990651202079903,Carros 3,46,42
690,-0.2437593667221266,Gru - O Maldisposto 3,32,63
692,-0.40481976429340927,Dunkirk,20,42
693,-0.6023158289272779,Wind River,13,14
694,-0.5640736232544254,Valerian e a Cidade dos Mil Planetas,25,35
696,-0.4144319049028159,Hampstead: Nunca é Tarde Para Amar,10,14
698,-0.508284023668639,Dois é Demais... ou Talvez Não!,12,14
699,-0.41176231507072014,Adeus Índia,3,56
701,-0.5163913900314144,O Guarda-Costas e o Assassino,82,14
702,-0.4748777109190788,Emoji: O Filme,70,28
703,-0.3571714237502416,Annabelle 2: A Criação do Mal,49,28
705,-0.5630929512587586,A Torre Negra,61,21
706,-0.4519958536801951,Baby Driver - Alta Velocidade,40,35
707,-0.5644362417257782,Um Voo em Grande,52,14
709,-0.5263406432380863,De Braços Abertos,18,35
710,-0.7346198186589887,Baywatch: Marés Vivas,25,49
711,-0.6230628958631319,Gru - O Maldisposto 3,25,70
712,-0.6468957107600624,Carros 3,32,49
714,-0.5149234884583891,Dunkirk,13,49
715,-0.6557601783705134,Alibi.com,24,14
716,-0.7417522303170825,Atomic Blonde - Agente Especial,26,28
717,-0.43299512228283965,Wind River,11,21
719,-0.6235491121430345,Valerian e a Cidade dos Mil Planetas,13,42
720,-0.35465746314188895,Barry Seal: Traficante Americano,80,14
721,-0.44371287785261415,O Guarda-Costas e o Assassino,75,21
724,-0.4635653195094127,Emoji: O Filme,69,35
726,-0.43230896516915984,Annabelle 2: A Criação do Mal,42,35
727,-0.5012275890121269,Dia de Surf 2,55,14
728,-0.5346361930662599,A Torre Negra,42,28
729,-0.5826345225086444,Baby Driver - Alta Velocidade,25,42
730,-0.6092313959616467,Um Voo em Grande,44,21
731,-0.39365082639182536,De Braços Abertos,17,42
735,-0.5440924644684906,Índice Médio de Felicidade,42,14
737,-0.2899683228687807,Dunkirk,10,56
738,-0.5069345157375034,Gru - O Maldisposto 3,24,77
739,-0.6304149522246718,Carros 3,24,56
741,-0.37245528495978775,Barry Seal: Traficante Americano,75,21
743,-0.5034187020140689,O Guarda-Costas e o Assassino,55,28
744,-0.35583498960647575,Bigfoot Junior,55,14
745,-0.5758105477325358,Renegados,57,14
746,-0.5587492224759392,Sorte à Logan,57,14
747,-0.5957710851541389,Emoji: O Filme,57,42
750,-0.7457945782793192,Annabelle 2: A Criação do Mal,26,42
752,-0.32279717019762,De Braços Abertos,10,49
753,-0.7485987247502695,Dia de Surf 2,42,21
755,-0.7718812082544784,Baby Driver - Alta Velocidade,10,49
756,-0.6437986078765706,Os Crimes de Limehouse,13,14
758,-0.6670099444800444,Una - Negra Sedução,13,14
759,-0.47409155983711004,Dunkirk,4,63
760,-0.4656296706475156,It,81,14
763,-0.30743760615066384,Barry Seal: Traficante Americano,68,28
764,-0.35910462959092804,Assassino Americano,43,14
765,-0.040367045405568014,Bigfoot Junior,57,21
767,-0.5886399742487646,O Guarda-Costas e o Assassino,35,35
768,-0.2976298100482432,Emoji: O Filme,48,49
769,-0.6429927632313726,Renegados,39,21
771,-0.7158664956563052,Sorte à Logan,35,21
772,-0.46574907369151775,First Kill - Caça ao Homem,20,14
773,-0.5196189954087577,Detroit,22,14
774,-0.478260417669937,Reviver o Passado em Montauk,9,14
775,-0.34477183187740146,Dia de Surf 2,30,28
776,-0.436427485034675,De Braços Abertos,8,56
777,-0.7279696086562003,Annabelle 2: A Criação do Mal,11,49
778,-0.4178267865394486,6 Dias,10,14
779,-0.8563555623031085,Um Voo em Grande,24,35
780,-0.2019909019738101,Kingsman: O Círculo Dourado,91,14
781,-0.32911477652721444,It,76,21
785,-0.16268211658450793,Barry Seal: Traficante Americano,54,35
786,-0.2566517445879283,Mãe!,61,14
787,-0.2501832090255657,Assassino Americano,40,21
788,-0.3241879459420557,Bigfoot Junior,48,28
789,-0.38065004156838844,Uma Casa Cheia,38,14
790,-0.32595125218096266,O Guarda-Costas e o Assassino,26,42
792,-0.3688891573513351,Emoji: O Filme,37,56
794,-0.279706984975589,A Fábrica de Nada,10,14
795,-0.6114347137024274,Renegados,19,28
798,-0.375042916187986,De Braços Abertos,6,63
799,-0.5652832173265177,Reviver o Passado em Montauk,7,21
801,-0.30435804588577,Kingsman: O Círculo Dourado,73,21
802,-0.30786337469877945,It,69,28
803,0.017558122589216962,Lego Ninjago - O Filme,82,14
804,-0.17752983270695688,Linha Mortal,46,14
805,-0.23009316705285565,Vitória & Abdul,39,14
806,-0.3092321784452762,Barry Seal: Traficante Americano,39,42
807,-0.04631944024232881,Bigfoot Junior,41,35
808,-0.455343306933652,Mãe!,49,21
809,-0.43648242135800797,Assassino Americano,21,28
811,0.0664797417738594,Emoji: O Filme,35,63
812,-0.17906424725860126,Era Uma Vez em Los Angeles,13,14
813,-0.6175698072973443,Uma Casa Cheia,29,21
815,-0.3600058190001385,Elis,9,14
819,-0.4023646376084552,A Fábrica de Nada,6,21
820,-0.435688040176643,Blade Runner 2049,127,14
824,-0.46093630596032165,Kingsman: O Círculo Dourado,66,28
826,-0.5403110458054614,It,57,35
827,-0.6740529759188878,Lego Ninjago - O Filme,68,21
828,-0.4707636054873192,Vitória & Abdul,34,21
829,-0.6328123798322188,Linha Mortal,37,21
831,-0.539649178402662,Barry Seal: Traficante Americano,21,49
832,-0.7175714076540545,Bigfoot Junior,37,42
833,-0.7551869999211489,Mãe!,18,28
834,-0.6738808124407194,Assassino Americano,13,35
836,-0.44676443858899406,Al Berto,14,14
838,-0.4333242482448364,Elis,4,21
839,-0.7072182521763932,Bling - Super-Heróis,33,14
842,-0.4839600163945994,Blade Runner 2049,113,21
843,-0.2789512899694423,O Estrangeiro,46,14
844,-0.16833869303087257,Um Susto de Família,67,14
845,-0.39134462877585563,Feliz Dia Para Morrer,41,14
846,-0.37330058414942047,Alguém Como Eu,56,14
849,-0.5516159658675318,Kingsman: O Círculo Dourado,41,35
850,-0.27969507058357146,Vitória & Abdul,24,28
851,-0.40824721885343873,Lego Ninjago - O Filme,57,28
853,-0.6230461834454567,It,28,42
854,-0.32467456257041305,A Febre das Tulipas,17,14
855,-0.4665805581195881,Barry Seal: Traficante Americano,12,56
858,-0.41465508054505085,Bigfoot Junior,24,49
859,-0.857500717116279,Linha Mortal,10,28
860,81.141045093635,Thor: Ragnarok ,111,7
862,-0.329576045817349,Geostorm - Ameaça Global,106,14
863,0.14288955949037407,Um Susto de Família,88,21
864,-0.33504135770666543,O Boneco de Neve,79,14
865,-0.28844909858506973,O Estrangeiro,56,21
866,-0.48613809930147656,Blade Runner 2049,80,28
868,0.2540210407940209,O Pequeno Vampiro,72,14
869,-0.21692896682776042,Feliz Dia Para Morrer,50,21
870,-0.24159020341229065,A Paixão de Van Gogh,23,14
873,-0.6662580708222865,Alguém Como Eu,36,21
875,-0.40076919775553743,Lego Ninjago - O Filme,52,35
876,-0.49248371271114666,Vitória & Abdul,18,35
878,-0.6560760129640004,O Castelo de Vidro,24,14
879,-0.7745223642739117,Kingsman: O Círculo Dourado,17,42
880,-0.4475511773826327,Thor: Ragnarok ,101,14
881,-0.3176261540151344,Jigsaw: O Legado de Saw,58,14
882,1.5739488426505628,O Gangue do Parque 2,76,8
883,4.7374600013689925,Sete Irmãs,36,8
884,-0.3422597591113168,Geostorm - Ameaça Global,66,21
885,5.16065295944122,Stronger - A Força de Viver,30,8
887,-0.3113123334497847,O Estrangeiro,26,28
888,-0.4706949569622807,O Boneco de Neve,49,21
889,-0.583610414280926,Um Susto de Família,55,28
890,-0.42834064607398403,Blade Runner 2049,42,35
892,-0.21861988279018774,A Paixão de Van Gogh,17,21
893,-0.6370757464864164,O Pequeno Vampiro,41,21
894,-0.6426174709157979,Feliz Dia Para Morrer,25,28
896,-0.2011374197454021,Vitória & Abdul,10,42
897,-0.5172673010614264,Amor de Improviso,15,14
899,-0.5772984368228604,Alguém Como Eu,9,28
901,-0.44230076571199095,Thor: Ragnarok ,87,21
902,-0.24345132015866056,O Gangue do Parque 2,76,15
904,-0.4726924819881334,Jigsaw: O Legado de Saw,52,21
905,-0.39793015369003293,Sete Irmãs,40,15
906,-0.603237936115361,Geostorm - Ameaça Global,55,28
909,-0.49858135941147186,Peregrinação,34,15
910,-0.5185738569522302,Stronger - A Força de Viver,27,15
911,-0.3601897124193575,Um Susto de Família,49,35
912,-0.6780767136225847,O Estrangeiro,17,35
913,-0.5351978623184099,Blade Runner 2049,20,42
914,-0.40510764726229753,A Paixão de Van Gogh,12,28
915,-0.29668633224801466,A Festa,8,15
916,-0.7987898212534128,O Boneco de Neve,15,28
918,-0.5863836686228392,O Pequeno Vampiro,29,28
919,-0.7320006243262884,A Vida de Brad,19,14
921,-0.27889550830653553,Um Crime no Expresso do Oriente,60,14
922,-0.5478810583869953,Thor: Ragnarok ,76,28
923,-0.2205550127908147,O Gangue do Parque 2,71,22
924,-0.2805762195895555,Mães à Solta 2,41,14
925,-0.48212145242287974,Jigsaw: O Legado de Saw,43,28
928,-0.5624311867025901,Sete Irmãs,30,22
930,-0.42131222568035154,Vive,41,14
932,-0.6953601211827598,Geostorm - Ameaça Global,24,35
933,-0.6440903743843123,Marcas de Guerra,26,14
934,-0.582447456573389,Peregrinação,21,22
935,-0.5397781610568133,Um Susto de Família,31,42
936,-0.31682131073822306,A Paixão de Van Gogh,10,35
937,-0.6698339037217076,Stronger - A Força de Viver,13,22
938,-0.44580200167481054,Blade Runner 2049,13,49
939,-0.4902539381721286,O Estrangeiro,7,42
941,-0.5343971714199444,Liga da Justiça,102,14
942,-0.33416727921317735,Um Crime no Expresso do Oriente,60,21
945,-0.420155708313697,Thor: Ragnarok ,72,35
946,-0.33608282129726796,Mães à Solta 2,42,21
948,-0.6553153459409838,O Gangue do Parque 2,64,29
949,-0.17380249241066914,Rapto,21,14
951,-0.45054531012252874,Um Homem de Família,29,14
952,-0.6234293690124197,Jigsaw: O Legado de Saw,21,35
953,-0.5591469867762249,Sete Irmãs,12,29
954,-0.6365290966788045,The Only Living Boy in New York,23,14
956,-0.5368403945682882,Bob O Construtor: Mega Mechines - O Filme,44,14
957,-0.6601477516263705,Vive,24,21
958,-0.41020077009690104,A Paixão de Van Gogh,8,42
959,-0.607249990242082,Peregrinação,9,29
960,0.11052367352935377,Coco,118,14
961,-0.21177694915303313,Liga da Justiça,97,21
965,-0.12328160284067158,Um Crime no Expresso do Oriente,64,28
967,-0.40001648812290114,Só Para Bravos,54,14
968,-0.2534656394264393,O Homem do Coração de Ferro,24,14
969,-0.20962061473282578,O Espírito da Festa,16,14
970,-0.5499954806032274,Mães à Solta 2,22,28
971,-0.10363292300596094,O Quadrado,10,14
972,-0.680204448323609,Thor: Ragnarok ,25,42
973,-0.4353265829153349,Rapto,16,21
974,-0.6495645938984966,O Gangue do Parque 2,40,36
975,-0.3695400527770081,Sete Irmãs,9,36
977,-0.5717336815374254,Jigsaw: O Legado de Saw,8,42
978,-0.37612903621627924,Gauguin,6,14
979,-0.3424256298518933,A Paixão de Van Gogh,6,49
980,-0.19772978342771685,Coco,121,21
981,0.1765562556425102,A Estrela de Natal,90,14
983,-0.12898710639327815,O Fim da Inocência,51,14
985,-0.42988724454164307,Liga da Justiça,86,28
986,-0.2632788046294574,Pai Há Só Um... Ou Dois,72,14
987,-0.304799003809463,Um Crime no Expresso do Oriente,48,35
988,-0.21664342740663411,A Montanha Entre Nós,34,14
993,-0.2966765725328495,O Quadrado,10,21
994,-0.5271115724195492,O Espírito da Festa,7,21
995,-0.7733051284125424,Só Para Bravos,32,21
996,-0.7207384188994883,O Homem do Coração de Ferro,19,21
999,-0.35049256326057565,Lucky,7,14
1000,11.833687611482858,Star Wars: Episódio VIII - Os Últimos Jedi,209,7
1001,0.1775379950325897,A Estrela de Natal,171,21
1002,-0.07145222129931517,Coco,133,28
1003,-0.053083192152299175,Paddington 2,116,14
1005,-0.30246121232004786,O Fim da Inocência,49,21
1006,-0.3898789825588802,Wonder - Encantador,50,14
1008,-0.4477182234540893,Pai Há Só Um... Ou Dois,63,21
1009,-0.5056802810690513,Um Crime no Expresso do Oriente,30,42
1010,-0.6134065371184104,Liga da Justiça,50,35
1011,-0.5002901123748595,A Montanha Entre Nós,32,21
1012,-0.5553666895917664,Leatherface - A Origem do Mal,29,14
1013,-0.5664962201148054,A Casa Torta,19,14
1014,-0.6158072651456918,24 Horas Para Viver,20,14
1017,-0.3585387614328994,O Quadrado,7,28
1018,-0.5241595309219458,O Espírito da Festa,7,28
1019,-0.5526345920446999,O Gangue do Parque 2,15,50
1020,-0.37370290585163324,Star Wars: Episódio VIII - Os Últimos Jedi,152,14
1023,-0.18103018319425557,Coco,80,35
1024,-0.45587459517183837,A Estrela de Natal,77,28
1025,-0.5127744794904716,Paddington 2,73,21
1027,-0.504129047270868,Entre Rivais,40,14
1028,-0.4022128901604597,Wonder - Encantador,41,21
1029,-0.48284284256816434,O Fim da Inocência,38,28
1030,-0.4375767336511768,Roda Gigante,30,14
1031,-0.5657783352494491,Pai Há Só Um... Ou Dois,38,28
1032,-0.49004152646984156,Um Crime no Expresso do Oriente,16,49
1033,-0.6439854006004592,A Montanha Entre Nós,19,28
1036,-0.7187395619146426,Liga da Justiça,16,41
1038,-0.5426454737375503,My Little Pony: The Movie - A Magia do Póneis,46,14
1039,-0.452457156938079,O Homem Que Inventou o Natal,15,14
